callsite,destination offset,destination image
0x2e6c,0x1e640,binary
0x2e6c,0x1e800,binary
0x2e6c,0x75420,binary
0x2e6c,0x1e720,binary
0x2e6c,0x1f200,binary
0x2e6c,0x670c0,binary
0x2e6c,0x1e680,binary
0x2e6c,0x443e0,binary
0x2e6c,0x1f170,binary
0x2e6c,0x67070,binary
0x2e6c,0x1f300,binary
0x2e6c,0x1f060,binary
0x2e6c,0x1e860,binary
0x2e6c,0x1f040,binary
0x2e6c,0x65cb0,binary
0x2e6c,0x1f430,binary
0x2e6c,0x1f2b0,binary
0x2e6c,0x65c00,binary
0x2e6c,0x67040,binary
0x2e6c,0x1f350,binary
0x2e6c,0x1f400,binary
0x2e6c,0x1f0c0,binary
0x2e6c,0x1e830,binary
0x2e6c,0x1e6d0,binary
0x1040,0x42c00,binary
0x1ca81,0x1cc30,binary
0x19e5b,0x1e4b0,binary
0x1a06f,0x1e4b0,binary
0x10b8,0x42bf0,binary
0x10d0,0x3b9f0,binary
0x10d0,0x3b9f0,binary
0x10d0,0x3b9f0,binary
0x10d0,0x3b9f0,binary
0x10d0,0x3b9f0,binary
0x10d0,0x3b9f0,binary
0x10d0,0x3b9f0,binary
0x10d0,0x3b9f0,binary
0x1050,0x66a90,binary
0x34e8,0x3c70,binary
0x3ce8,0x1760,binary
0x3550,0x1820,binary
0x17fc,0x17a0,binary
0x1060,0x3b3c0,binary
0xcd9c,0x13cd0,binary
0xcfc7,0xdd78,binary
0xda4a,0x13cd0,binary
0x13db3,0x14890,binary
0x1597e,0x63b90,binary
0x63bee,0x13750,binary
0x15ad2,0x14890,binary
0x1060,0x3b3c0,binary
0xd199,0x13cd0,binary
0x10b8,0x42bf0,binary
0x13db3,0x14890,binary
0x127f9,0x13760,binary
0x17fc,0x17c0,binary
0x1060,0x3b3c0,binary
0xcd9c,0x13cd0,binary
0xcfc7,0xdd78,binary
0xda4a,0x13cd0,binary
0x10b8,0x42bf0,binary
0x1060,0x3b3c0,binary
0xd199,0x13cd0,binary
0x10b8,0x42bf0,binary
0x13db3,0x14890,binary
0x127f9,0x13760,binary
0x9173,0x3d10,binary
0x3d38,0x1630,binary
0x3d38,0x1720,binary
0x9280,0x16750,binary
0x168bc,0x12760,binary
0x15ce2,0x14aa0,binary
